,precision,recall,f1-score,support
benign,0.9998881681950347,1.0,0.9999440809707544,8941.0
cmdi,1.0,1.0,1.0,94.0
other,1.0,0.9940476190476191,0.9970149253731343,168.0
sqli,1.0,1.0,1.0,260.0
ssti,1.0,1.0,1.0,75.0
xss,1.0,1.0,1.0,262.0
accuracy,0.9998979591836735,0.9998979591836735,0.9998979591836735,0.9998979591836735
macro avg,0.9999813613658391,0.9990079365079364,0.9994931677239814,9800.0
weighted avg,0.9998979705950821,0.9998979591836735,0.9998978097369593,9800.0
